{"cameraMode":{"drawMode":0,"name":"Shaded","section":"Shading Mode"},"sceneLighting":false,"audioPlay":false,"sceneViewState":{"showFog":true,"showMaterialUpdate":false,"showSkybox":false,"showFlares":true,"showImageEffects":true,"showParticleSystems":true},"in2DMode":false,"pivot":{"x":0.00670623779296875,"y":3.223466634750366,"z":-0.00759124755859375},"rotation":{"x":-0.005467110779136419,"y":0.9727516174316406,"z":-0.23064817488193513,"w":-0.02305722050368786},"size":21.28468894958496,"orthographic":false}