{"cameraMode":{"drawMode":0,"name":"Shaded","section":"Shading Mode"},"sceneLighting":true,"audioPlay":false,"sceneViewState":{"showFog":true,"showMaterialUpdate":false,"showSkybox":true,"showFlares":true,"showImageEffects":true,"showParticleSystems":true},"in2DMode":false,"pivot":{"x":-3.4613304138183595,"y":0.2149033546447754,"z":-2.9097275733947756},"rotation":{"x":-0.07419032603502274,"y":0.8348270654678345,"z":-0.11620631814002991,"w":-0.5329785346984863},"size":8.361502647399903,"orthographic":false}